Timestamp,Timestamp (Seconds),CPU %,CPU Frequency,Virtual Memory (%),Virtual Memory (B),Swap Memory (%),Swap Memory (B),Disk Usage (%),Disk Usage (B),Process Name,Process ID,Process Priority,Process Nice Value,Process Virtual Memory (B),Process Memory (B),Process Shared Memory (B),Process Memory (%),Process CPU State,Process CPU (%),
2024-02-29 22:17:16.646061,1709245036.646061,34.7,1800.0,49.8,1409458176,0.1,786432,42.2,12544598016,python3,5248,20,0,22138880.0,11620352.0,5832704.0,0.3,S,0.0
2024-02-29 22:17:16.911466,1709245036.911466,34.6,1800.0,50.2,1408749568,0.1,786432,42.2,12544598016,python3,5248,20,0,22138880.0,11620352.0,5832704.0,0.3,S,0.0
2024-02-29 22:17:17.164826,1709245037.164826,23.2,1800.0,50.2,1412657152,0.1,786432,42.2,12544598016,python3,5248,20,0,22138880.0,11620352.0,5832704.0,0.3,S,0.0
2024-02-29 22:17:17.425080,1709245037.42508,25.8,1700.0,50.3,1413300224,0.1,786432,42.2,12544598016,python3,5248,20,0,22138880.0,11620352.0,5832704.0,0.3,S,0.0
2024-02-29 22:17:17.683302,1709245037.683302,29.0,1800.0,50.3,1411817472,0.1,786432,42.2,12544598016,python3,5248,20,0,22138880.0,11620352.0,5832704.0,0.3,S,0.0
2024-02-29 22:17:17.933633,1709245037.933633,21.6,1800.0,50.3,1411817472,0.1,786432,42.2,12544598016,python3,5248,20,0,22138880.0,11620352.0,5832704.0,0.3,S,0.0
2024-02-29 22:17:18.176384,1709245038.176384,20.8,1800.0,50.3,1412304896,0.1,786432,42.2,12544598016,python3,5248,20,0,22138880.0,11620352.0,5832704.0,0.3,S,0.0
2024-02-29 22:17:18.418862,1709245038.418862,22.3,1800.0,50.3,1412304896,0.1,786432,42.2,12544598016,python3,5248,20,0,22138880.0,11620352.0,5832704.0,0.3,S,0.0
2024-02-29 22:17:18.679240,1709245038.67924,35.3,1800.0,50.3,1413443584,0.1,786432,42.2,12544598016,python,5277,20,0,17985536.0,6688768.0,4603904.0,0.2,R,22.2
2024-02-29 22:17:18.942769,1709245038.942769,43.8,1800.0,50.4,1416712192,0.1,786432,42.1,12540792832,python,5277,20,0,32817152.0,19075072.0,12840960.0,0.5,R,57.9
2024-02-29 22:17:19.191079,1709245039.191079,50.0,1800.0,50.4,1416818688,0.1,786432,42.1,12540809216,python,5277,20,0,32817152.0,19075072.0,12840960.0,0.5,R,89.5
2024-02-29 22:17:19.449777,1709245039.449777,46.1,1800.0,49.8,1416798208,0.1,786432,42.1,12540825600,python,5277,20,0,32817152.0,19075072.0,12840960.0,0.5,R,94.7
2024-02-29 22:17:19.690670,1709245039.69067,50.0,1800.0,49.8,1416798208,0.1,786432,42.1,12540841984,python,5277,20,0,32817152.0,19075072.0,12840960.0,0.5,R,100.0
2024-02-29 22:17:19.943346,1709245039.943346,49.5,1800.0,49.8,1416871936,0.1,786432,42.1,12540858368,python,5277,20,0,32817152.0,19075072.0,12840960.0,0.5,R,100.0
2024-02-29 22:17:20.186800,1709245040.1868,50.5,1800.0,49.8,1416871936,0.1,786432,42.1,12540874752,python,5277,20,0,32817152.0,19075072.0,12840960.0,0.5,R,100.0
2024-02-29 22:17:20.435405,1709245040.435405,48.4,1800.0,49.8,1418145792,0.1,786432,42.1,12540891136,python,5277,20,0,32817152.0,19075072.0,12840960.0,0.5,R,89.5
2024-02-29 22:17:20.709056,1709245040.709056,54.3,1800.0,49.9,1418207232,0.1,786432,42.1,12540899328,python,5277,20,0,32817152.0,19075072.0,12840960.0,0.5,R,94.7
2024-02-29 22:17:20.947242,1709245040.947242,45.2,1800.0,49.9,1418674176,0.1,786432,42.1,12540923904,python,5277,20,0,32817152.0,19075072.0,12840960.0,0.5,R,100.0
2024-02-29 22:17:21.209411,1709245041.209411,54.5,1800.0,49.7,1420455936,0.1,786432,42.1,12540932096,python,5277,20,0,32817152.0,19075072.0,12840960.0,0.5,R,100.0
2024-02-29 22:17:21.457178,1709245041.457178,49.0,1800.0,49.7,1420455936,0.1,786432,42.1,12540948480,python,5277,20,0,32817152.0,19075072.0,12840960.0,0.5,R,94.7
2024-02-29 22:17:21.728241,1709245041.728241,53.7,1800.0,49.7,1419907072,0.1,786432,42.1,12540964864,python,5277,20,0,32817152.0,19075072.0,12840960.0,0.5,R,95.0
2024-02-29 22:17:21.973775,1709245041.973775,47.3,1800.0,49.7,1419403264,0.1,786432,42.1,12540981248,python,5277,20,0,32817152.0,19075072.0,12840960.0,0.5,R,100.0
2024-02-29 22:17:22.232465,1709245042.232465,53.0,1800.0,49.7,1418686464,0.1,786432,42.1,12540997632,python,5277,20,0,32817152.0,19075072.0,12840960.0,0.5,R,100.0
2024-02-29 22:17:22.512374,1709245042.512374,55.9,1800.0,49.7,1419128832,0.1,786432,42.1,12541014016,python,5277,20,0,32817152.0,19075072.0,12840960.0,0.5,R,90.0
2024-02-29 22:17:22.764596,1709245042.764596,48.5,1800.0,49.7,1419128832,0.1,786432,42.1,12541030400,python,5277,20,0,32940032.0,19673088.0,13271040.0,0.5,R,94.7
2024-02-29 22:17:23.014584,1709245043.014584,49.5,1800.0,49.7,1419071488,0.1,786432,42.1,12541046784,python,5277,20,0,32927744.0,19673088.0,13271040.0,0.5,R,100.0
2024-02-29 22:17:23.279132,1709245043.279132,47.6,1800.0,49.7,1419845632,0.1,786432,42.1,12541063168,python,5277,20,0,32927744.0,19673088.0,13271040.0,0.5,R,90.0
2024-02-29 22:17:23.521821,1709245043.521821,49.5,1800.0,49.7,1419845632,0.1,786432,42.1,12541079552,python,5277,20,0,32927744.0,19673088.0,13271040.0,0.5,R,94.7
2024-02-29 22:17:23.758762,1709245043.758762,51.1,1800.0,49.7,1420103680,0.1,786432,42.1,12541095936,python,5277,20,0,32927744.0,19673088.0,13271040.0,0.5,R,89.5
2024-02-29 22:17:23.996555,1709245043.996555,45.3,1800.0,49.8,1420296192,0.1,786432,42.1,12541112320,python,5277,20,0,32927744.0,19673088.0,13271040.0,0.5,R,100.0
2024-02-29 22:17:24.250659,1709245044.250659,47.4,1800.0,49.7,1420468224,0.1,786432,42.1,12541128704,python,5277,20,0,32927744.0,19673088.0,13271040.0,0.5,R,100.0
2024-02-29 22:17:24.509568,1709245044.509568,54.9,1800.0,49.6,1415008256,0.1,786432,42.1,12541145088,python,5277,20,0,32927744.0,19673088.0,13271040.0,0.5,R,94.7
2024-02-29 22:17:24.746021,1709245044.746021,45.3,1800.0,49.6,1415524352,0.1,786432,42.1,12541161472,python,5277,20,0,32927744.0,19673088.0,13271040.0,0.5,R,100.0
2024-02-29 22:17:24.990413,1709245044.990413,47.9,1800.0,49.6,1415659520,0.1,786432,42.1,12541169664,python,5277,20,0,32927744.0,19673088.0,13271040.0,0.5,R,100.0
2024-02-29 22:17:25.236194,1709245045.236194,44.8,1800.0,49.6,1416433664,0.1,786432,42.1,12541186048,python,5277,20,0,32927744.0,19673088.0,13271040.0,0.5,R,94.7
2024-02-29 22:17:25.501993,1709245045.501993,52.3,1800.0,49.6,1417101312,0.1,786432,42.1,12541202432,python,5277,20,0,32927744.0,19673088.0,13271040.0,0.5,R,94.7
2024-02-29 22:17:25.750188,1709245045.750188,46.9,1800.0,49.6,1417101312,0.1,786432,42.1,12541218816,python,5277,20,0,32927744.0,19673088.0,13271040.0,0.5,R,100.0
2024-02-29 22:17:25.991006,1709245045.991006,46.3,1800.0,49.6,1418866688,0.1,786432,42.1,12541235200,python,5277,20,0,32927744.0,19673088.0,13271040.0,0.5,R,94.7
2024-02-29 22:17:26.243499,1709245046.243499,49.0,1800.0,49.6,1418866688,0.1,786432,42.1,12541251584,python,5277,20,0,32927744.0,19673088.0,13271040.0,0.5,R,90.0
2024-02-29 22:17:26.488491,1709245046.488491,47.4,1800.0,49.6,1418883072,0.1,786432,42.1,12541267968,python,5277,20,0,32927744.0,19673088.0,13271040.0,0.5,R,100.0
2024-02-29 22:17:26.754959,1709245046.754959,48.1,1800.0,49.6,1418883072,0.1,786432,42.1,12541284352,python,5277,20,0,32927744.0,19673088.0,13271040.0,0.5,R,94.7
2024-02-29 22:17:26.998656,1709245046.998656,47.4,1800.0,49.6,1418809344,0.1,786432,42.1,12541300736,python,5277,20,0,32927744.0,19673088.0,13271040.0,0.5,R,100.0
2024-02-29 22:17:27.249382,1709245047.249382,46.4,1800.0,49.6,1419218944,0.1,786432,42.1,12541317120,python,5277,20,0,32927744.0,19673088.0,13271040.0,0.5,R,100.0
2024-02-29 22:17:27.511179,1709245047.511179,49.0,1800.0,49.6,1419280384,0.1,786432,42.1,12541333504,python,5277,20,0,32927744.0,19673088.0,13271040.0,0.5,R,90.0
2024-02-29 22:17:27.759480,1709245047.75948,46.4,1800.0,49.6,1419214848,0.1,786432,42.1,12541349888,python,5277,20,0,32927744.0,19673088.0,13271040.0,0.5,R,94.7
2024-02-29 22:17:28.024397,1709245048.024397,51.4,1800.0,49.6,1419010048,0.1,786432,42.1,12541366272,python,5277,20,0,32927744.0,19673088.0,13271040.0,0.5,R,94.7
2024-02-29 22:17:28.265961,1709245048.265961,45.7,1800.0,49.6,1419010048,0.1,786432,42.1,12541382656,python,5277,20,0,32927744.0,19673088.0,13271040.0,0.5,R,94.4
2024-02-29 22:17:28.513173,1709245048.513173,48.5,1800.0,49.6,1419526144,0.1,786432,42.1,12541399040,python,5277,20,0,32927744.0,19673088.0,13271040.0,0.5,R,100.0
2024-02-29 22:17:28.754887,1709245048.754887,46.8,1800.0,49.6,1419468800,0.1,786432,42.1,12541407232,python,5277,20,0,32927744.0,19673088.0,13271040.0,0.5,R,94.7
2024-02-29 22:17:29.002843,1709245049.002843,49.5,1800.0,49.6,1421369344,0.1,786432,42.1,12541431808,python,5277,20,0,32927744.0,19673088.0,13271040.0,0.5,R,100.0
2024-02-29 22:17:29.268496,1709245049.268496,53.8,1800.0,49.6,1417895936,0.1,786432,42.1,12541448192,python,5277,20,0,32927744.0,19673088.0,13271040.0,0.5,R,94.7
2024-02-29 22:17:29.507915,1709245049.507915,46.4,1800.0,49.6,1417842688,0.1,786432,42.1,12541464576,python,5277,20,0,32927744.0,19673088.0,13271040.0,0.5,R,100.0
2024-02-29 22:17:29.745550,1709245049.74555,47.3,1800.0,49.6,1418088448,0.1,786432,42.1,12541480960,python,5277,20,0,32927744.0,19673088.0,13271040.0,0.5,R,100.0
2024-02-29 22:17:29.987630,1709245049.98763,50.0,1800.0,49.6,1417863168,0.1,786432,42.1,12541497344,python,5277,20,0,32927744.0,19673088.0,13271040.0,0.5,R,100.0
2024-02-29 22:17:30.250762,1709245050.250762,49.0,1800.0,49.6,1417863168,0.1,786432,42.1,12541513728,python,5277,20,0,32927744.0,19673088.0,13271040.0,0.5,R,90.0
2024-02-29 22:17:30.521118,1709245050.521118,50.5,1800.0,49.6,1418379264,0.1,786432,42.1,12541530112,python,5277,20,0,32927744.0,19673088.0,13271040.0,0.5,R,95.0
2024-02-29 22:17:30.761454,1709245050.761454,48.0,1800.0,49.6,1418379264,0.1,786432,42.1,12541546496,python,5277,20,0,32927744.0,19673088.0,13271040.0,0.5,R,94.7
2024-02-29 22:17:31.013539,1709245051.013539,58.2,1800.0,49.6,1417666560,0.1,786432,42.1,12541554688,python,5277,20,0,32927744.0,19673088.0,13271040.0,0.5,R,94.7
2024-02-29 22:17:31.264167,1709245051.264167,47.0,1800.0,49.6,1417666560,0.1,786432,42.1,12541571072,python,5277,20,0,32927744.0,19673088.0,13271040.0,0.5,R,100.0
2024-02-29 22:17:31.524834,1709245051.524834,50.0,1800.0,49.6,1417666560,0.1,786432,42.1,12541587456,python,5277,20,0,32927744.0,19673088.0,13271040.0,0.5,R,100.0
2024-02-29 22:17:31.772769,1709245051.772769,48.5,1800.0,49.6,1417601024,0.1,786432,42.1,12541603840,python,5277,20,0,32927744.0,19673088.0,13271040.0,0.5,R,94.7
2024-02-29 22:17:32.019067,1709245052.019067,47.9,1800.0,49.6,1418055680,0.1,786432,42.1,12541620224,python,5277,20,0,32927744.0,19673088.0,13271040.0,0.5,R,89.5
2024-02-29 22:17:32.279148,1709245052.279148,49.1,1800.0,49.6,1418055680,0.1,786432,42.1,12541636608,python,5277,20,0,32927744.0,19673088.0,13271040.0,0.5,R,90.0
2024-02-29 22:17:32.524225,1709245052.524225,48.5,1800.0,49.6,1418145792,0.1,786432,42.1,12541652992,python,5277,20,0,32927744.0,19673088.0,13271040.0,0.5,R,89.5
2024-02-29 22:17:32.775971,1709245052.775971,49.0,1800.0,49.6,1418080256,0.1,786432,42.1,12541669376,python,5277,20,0,32927744.0,19673088.0,13271040.0,0.5,R,100.0
2024-02-29 22:17:33.028935,1709245053.028935,47.5,1800.0,49.6,1418080256,0.1,786432,42.1,12541685760,python,5277,20,0,32927744.0,19673088.0,13271040.0,0.5,R,94.7
2024-02-29 22:17:33.282203,1709245053.282203,50.0,1800.0,49.6,1418686464,0.1,786432,42.1,12541702144,python,5277,20,0,32927744.0,19673088.0,13271040.0,0.5,R,94.7
2024-02-29 22:17:33.571420,1709245053.57142,65.5,1800.0,49.6,1418686464,0.1,786432,42.1,12541710336,python,5277,20,0,32927744.0,19673088.0,13271040.0,0.5,R,100.0
2024-02-29 22:17:33.852146,1709245053.852146,67.3,1800.0,49.6,1419202560,0.1,786432,42.1,12541718528,python,5277,20,0,32927744.0,19673088.0,13271040.0,0.5,R,100.0
2024-02-29 22:17:34.110419,1709245054.110419,48.0,1800.0,49.6,1419202560,0.1,786432,42.1,12541734912,python,5277,20,0,32927744.0,19673088.0,13271040.0,0.5,R,89.5
2024-02-29 22:17:34.363574,1709245054.363574,47.5,1800.0,49.6,1419812864,0.1,786432,42.1,12541751296,python,5277,20,0,32927744.0,19673088.0,13271040.0,0.5,R,89.5
2024-02-29 22:17:34.605849,1709245054.605849,47.4,1800.0,49.6,1419759616,0.1,786432,42.1,12541767680,python,5277,20,0,32927744.0,19673088.0,13271040.0,0.5,R,100.0
2024-02-29 22:17:34.844265,1709245054.844265,44.1,1800.0,49.6,1419489280,0.1,786432,42.1,12541784064,python,5277,20,0,32927744.0,19673088.0,13271040.0,0.5,R,100.0
2024-02-29 22:17:35.097901,1709245055.097901,49.0,1800.0,49.6,1419436032,0.1,786432,42.1,12541800448,python,5277,20,0,32927744.0,19673088.0,13271040.0,0.5,R,100.0
2024-02-29 22:17:35.346545,1709245055.346545,48.5,1800.0,49.6,1419800576,0.1,786432,42.1,12541816832,python,5277,20,0,32927744.0,19673088.0,13271040.0,0.5,R,100.0
2024-02-29 22:17:35.586265,1709245055.586265,46.9,1800.0,49.6,1419800576,0.1,786432,42.1,12541833216,python,5277,20,0,32927744.0,19673088.0,13271040.0,0.5,R,94.4
2024-02-29 22:17:35.831688,1709245055.831688,47.4,1800.0,49.6,1419735040,0.1,786432,42.1,12541849600,python,5277,20,0,32927744.0,19673088.0,13271040.0,0.5,R,89.5
2024-02-29 22:17:36.073961,1709245056.073961,46.9,1800.0,49.6,1420017664,0.1,786432,42.1,12541865984,python,5277,20,0,32927744.0,19673088.0,13271040.0,0.5,R,94.7
2024-02-29 22:17:36.325183,1709245056.325183,48.0,1800.0,49.6,1420050432,0.1,786432,42.1,12541882368,python,5277,20,0,32927744.0,19673088.0,13271040.0,0.5,R,100.0
2024-02-29 22:17:36.565256,1709245056.565256,45.8,1800.0,49.6,1419845632,0.1,786432,42.1,12541898752,python,5277,20,0,32927744.0,19673088.0,13271040.0,0.5,R,100.0
2024-02-29 22:17:36.813146,1709245056.813146,49.5,1800.0,49.6,1419776000,0.1,786432,42.1,12541915136,python,5277,20,0,32927744.0,19673088.0,13271040.0,0.5,R,89.5
2024-02-29 22:17:37.074247,1709245057.074247,50.5,1800.0,49.6,1420038144,0.1,786432,42.1,12541931520,python,5277,20,0,32927744.0,19673088.0,13271040.0,0.5,R,90.0
2024-02-29 22:17:37.311774,1709245057.311774,45.8,1800.0,49.6,1420038144,0.1,786432,42.1,12541947904,python,5277,20,0,32927744.0,19673088.0,13271040.0,0.5,R,100.0
2024-02-29 22:17:37.551140,1709245057.55114,47.3,1800.0,49.6,1420152832,0.1,786432,42.1,12541964288,python,5277,20,0,32927744.0,19673088.0,13271040.0,0.5,R,89.5
2024-02-29 22:17:37.789385,1709245057.789385,46.3,1800.0,49.6,1419829248,0.1,786432,42.1,12541980672,python,5277,20,0,32927744.0,19673088.0,13271040.0,0.5,R,94.7
2024-02-29 22:17:38.039615,1709245058.039615,45.4,1800.0,49.6,1419829248,0.1,786432,42.1,12541997056,python,5277,20,0,32927744.0,19673088.0,13271040.0,0.5,R,100.0
2024-02-29 22:17:38.293794,1709245058.293794,49.5,1800.0,49.6,1419517952,0.1,786432,42.1,12542013440,python,5277,20,0,32927744.0,19673088.0,13271040.0,0.5,R,94.7
2024-02-29 22:17:38.530029,1709245058.530029,45.7,1800.0,49.6,1419366400,0.1,786432,42.1,12542029824,python,5277,20,0,32927744.0,19673088.0,13271040.0,0.5,R,100.0
2024-02-29 22:17:38.767856,1709245058.767856,46.7,1800.0,49.6,1419247616,0.1,786432,42.1,12542046208,python,5277,20,0,32927744.0,19673088.0,13271040.0,0.5,R,100.0
2024-02-29 22:17:39.007277,1709245059.007277,46.3,1800.0,49.6,1418989568,0.1,786432,42.1,12542062592,python,5277,20,0,32927744.0,19673088.0,13271040.0,0.5,R,94.4
2024-02-29 22:17:39.270427,1709245059.270427,49.0,1800.0,49.6,1419534336,0.1,786432,42.1,12542078976,python,5277,20,0,32927744.0,19673088.0,13271040.0,0.5,R,100.0
2024-02-29 22:17:39.528426,1709245059.528426,48.0,1800.0,49.6,1419276288,0.1,786432,42.1,12542095360,python,5277,20,0,32927744.0,19673088.0,13271040.0,0.5,R,85.0
2024-02-29 22:17:39.768220,1709245059.76822,45.8,1800.0,49.6,1419415552,0.1,786432,42.1,12542111744,python,5277,20,0,32927744.0,19673088.0,13271040.0,0.5,R,100.0
2024-02-29 22:17:40.009177,1709245060.009177,51.5,1800.0,49.6,1419210752,0.1,786432,42.1,12542128128,python,5277,20,0,32927744.0,19673088.0,13271040.0,0.5,R,94.7
2024-02-29 22:17:40.257458,1709245060.257458,58.8,1800.0,49.6,1419157504,0.1,786432,42.1,12542136320,python,5277,20,0,32927744.0,19673088.0,13271040.0,0.5,R,94.7
2024-02-29 22:17:40.546861,1709245060.546861,62.3,1800.0,49.6,1418600448,0.1,786432,42.1,12542152704,python,5277,20,0,32927744.0,19673088.0,13271040.0,0.5,R,90.5
2024-02-29 22:17:40.809836,1709245060.809836,50.0,1800.0,49.6,1418543104,0.1,786432,42.1,12542169088,python,5277,20,0,32927744.0,19673088.0,13271040.0,0.5,R,85.0
2024-02-29 22:17:41.068881,1709245061.068881,54.9,1800.0,49.7,1418915840,0.1,786432,42.1,12542185472,python,5277,20,0,32927744.0,19673088.0,13271040.0,0.5,R,100.0
2024-02-29 22:17:41.369544,1709245061.369544,62.5,1800.0,49.7,1418915840,0.1,786432,42.1,12542193664,python,5277,20,0,32927744.0,19673088.0,13271040.0,0.5,R,95.0
2024-02-29 22:17:41.647984,1709245061.647984,59.5,1800.0,49.7,1418907648,0.1,786432,42.1,12542218240,python,5277,20,0,32927744.0,19673088.0,13271040.0,0.5,R,94.7
2024-02-29 22:17:41.923759,1709245061.923759,60.4,1800.0,49.6,1418133504,0.1,786432,42.1,12542234624,python,5277,20,0,32927744.0,19673088.0,13271040.0,0.5,R,90.0
2024-02-29 22:17:42.167834,1709245062.167834,46.3,1800.0,49.6,1418563584,0.1,786432,42.1,12542251008,python,5277,20,0,32927744.0,19673088.0,13271040.0,0.5,R,94.7
2024-02-29 22:17:42.408661,1709245062.408661,48.5,1800.0,49.6,1418563584,0.1,786432,42.1,12542267392,python,5277,20,0,32927744.0,19673088.0,13271040.0,0.5,R,89.5
2024-02-29 22:17:42.650307,1709245062.650307,45.3,1800.0,49.6,1418563584,0.1,786432,42.1,12542283776,python,5277,20,0,32927744.0,19673088.0,13271040.0,0.5,R,94.7
2024-02-29 22:17:42.909974,1709245062.909974,56.6,1800.0,49.6,1417834496,0.1,786432,42.1,12542291968,python,5277,20,0,32927744.0,19673088.0,13271040.0,0.5,R,100.0
2024-02-29 22:17:43.173369,1709245063.173369,51.4,1800.0,49.6,1417830400,0.1,786432,42.1,12542308352,python,5277,20,0,32927744.0,19673088.0,13271040.0,0.5,R,100.0
2024-02-29 22:17:43.416490,1709245063.41649,48.9,1800.0,49.6,1418346496,0.1,786432,42.1,12542324736,python,5277,20,0,32927744.0,19673088.0,13271040.0,0.5,R,100.0
2024-02-29 22:17:43.692462,1709245063.692462,55.0,1800.0,49.6,1418346496,0.1,786432,42.1,12542341120,python,5277,20,0,32927744.0,19673088.0,13271040.0,0.5,R,85.7
2024-02-29 22:17:43.930149,1709245063.930149,45.2,1800.0,49.7,1418694656,0.1,786432,42.1,12542357504,python,5277,20,0,32927744.0,19673088.0,13271040.0,0.5,R,94.7
2024-02-29 22:17:44.170329,1709245064.170329,47.9,1800.0,49.6,1419087872,0.1,786432,42.1,12542373888,python,5277,20,0,32927744.0,19673088.0,13271040.0,0.5,R,94.7
2024-02-29 22:17:44.423023,1709245064.423023,49.0,1800.0,49.6,1418293248,0.1,786432,42.1,12542390272,python,5277,20,0,32927744.0,19673088.0,13271040.0,0.5,R,90.0
2024-02-29 22:17:44.672855,1709245064.672855,46.9,1800.0,49.6,1418498048,0.1,786432,42.1,12542406656,python,5277,20,0,32927744.0,19673088.0,13271040.0,0.5,R,94.7
2024-02-29 22:17:44.929810,1709245064.92981,48.0,1800.0,49.6,1418432512,0.1,786432,42.1,12542423040,python,5277,20,0,32927744.0,19673088.0,13271040.0,0.5,R,94.7
2024-02-29 22:17:45.167562,1709245065.167562,45.7,1800.0,49.6,1418432512,0.1,786432,42.1,12542439424,python,5277,20,0,32927744.0,19673088.0,13271040.0,0.5,R,100.0
2024-02-29 22:17:45.414691,1709245065.414691,56.7,1800.0,49.6,1418817536,0.1,786432,42.1,12542459904,python,5277,20,0,32927744.0,19673088.0,13271040.0,0.5,R,100.0
2024-02-29 22:17:45.673774,1709245065.673774,79.2,1800.0,49.6,1420013568,0.1,786432,42.1,12542464000,python,5277,20,0,32927744.0,19673088.0,13271040.0,0.5,R,94.7
2024-02-29 22:17:45.923026,1709245065.923026,48.0,1800.0,49.6,1420050432,0.1,786432,42.1,12542480384,python,5277,20,0,32927744.0,19673088.0,13271040.0,0.5,R,100.0
2024-02-29 22:17:46.164714,1709245066.164714,46.4,1800.0,49.6,1420050432,0.1,786432,42.1,12542496768,python,5277,20,0,32927744.0,19673088.0,13271040.0,0.5,R,100.0
2024-02-29 22:17:46.403933,1709245066.403933,45.8,1800.0,49.6,1420050432,0.1,786432,42.1,12542513152,python,5277,20,0,32927744.0,19673088.0,13271040.0,0.5,R,94.4
2024-02-29 22:17:46.648978,1709245066.648978,46.8,1800.0,49.6,1420050432,0.1,786432,42.1,12542529536,python,5277,20,0,32927744.0,19673088.0,13271040.0,0.5,R,94.7
2024-02-29 22:17:46.895686,1709245066.895686,48.5,1800.0,49.6,1420492800,0.1,786432,42.1,12542545920,python,5277,20,0,32927744.0,19673088.0,13271040.0,0.5,R,89.5
2024-02-29 22:17:47.144553,1709245067.144553,47.9,1800.0,49.6,1420288000,0.1,786432,42.1,12542562304,python,5277,20,0,32927744.0,19673088.0,13271040.0,0.5,R,100.0
2024-02-29 22:17:47.380874,1709245067.380874,46.3,1800.0,49.6,1420492800,0.1,786432,42.1,12542578688,python,5277,20,0,32927744.0,19673088.0,13271040.0,0.5,R,100.0
2024-02-29 22:17:47.621133,1709245067.621133,45.7,1800.0,49.6,1420234752,0.1,786432,42.1,12542595072,python,5277,20,0,32927744.0,19673088.0,13271040.0,0.5,R,94.7
2024-02-29 22:17:47.869506,1709245067.869506,46.9,1800.0,49.6,1420169216,0.1,786432,42.1,12542611456,python,5277,20,0,32927744.0,19673088.0,13271040.0,0.5,R,90.0
2024-02-29 22:17:48.110109,1709245068.110109,45.8,1800.0,49.6,1420193792,0.1,786432,42.1,12542627840,python,5277,20,0,32927744.0,19673088.0,13271040.0,0.5,R,94.7
2024-02-29 22:17:48.355188,1709245068.355188,47.4,1800.0,49.6,1419886592,0.1,786432,42.1,12542644224,python,5277,20,0,32927744.0,19673088.0,13271040.0,0.5,R,100.0
2024-02-29 22:17:48.591902,1709245068.591902,46.9,1800.0,49.6,1419886592,0.1,786432,42.1,12542660608,python,5277,20,0,32927744.0,19673088.0,13271040.0,0.5,R,100.0
2024-02-29 22:17:48.830750,1709245068.83075,45.7,1800.0,49.6,1419816960,0.1,786432,42.1,12542676992,python,5277,20,0,32927744.0,19673088.0,13271040.0,0.5,R,100.0
2024-02-29 22:17:49.088221,1709245069.088221,48.5,1800.0,49.6,1419816960,0.1,786432,42.1,12542693376,python,5277,20,0,32927744.0,19673088.0,13271040.0,0.5,R,94.7
2024-02-29 22:17:49.338411,1709245069.338411,48.5,1800.0,49.6,1420333056,0.1,786432,42.1,12542709760,python,5277,20,0,32927744.0,19673088.0,13271040.0,0.5,R,94.7
2024-02-29 22:17:49.575873,1709245069.575873,46.8,1800.0,49.6,1420333056,0.1,786432,42.1,12542726144,python,5277,20,0,32927744.0,19673088.0,13271040.0,0.5,R,94.4
2024-02-29 22:17:49.822292,1709245069.822292,46.4,1800.0,49.6,1420259328,0.1,786432,42.1,12542742528,python,5277,20,0,32927744.0,19673088.0,13271040.0,0.5,R,94.7
2024-02-29 22:17:50.069029,1709245070.069029,50.5,1800.0,49.6,1420517376,0.1,786432,42.1,12542758912,python,5277,20,0,32927744.0,19673088.0,13271040.0,0.5,R,94.7
2024-02-29 22:17:50.326089,1709245070.326089,49.0,1800.0,49.6,1420312576,0.1,786432,42.1,12542775296,python,5277,20,0,32927744.0,19673088.0,13271040.0,0.5,R,89.5
2024-02-29 22:17:50.571083,1709245070.571083,59.8,1800.0,49.6,1421291520,0.1,786432,42.1,12542791680,python,5277,20,0,32927744.0,19673088.0,13271040.0,0.5,R,100.0
2024-02-29 22:17:50.822346,1709245070.822346,74.2,1800.0,49.7,1425035264,0.1,786432,42.2,12543176704,python,5277,20,0,32927744.0,19673088.0,13271040.0,0.5,R,94.7
2024-02-29 22:17:51.061228,1709245071.061228,44.7,1800.0,49.7,1425809408,0.1,786432,42.2,12543193088,python,5277,20,0,32927744.0,19673088.0,13271040.0,0.5,R,94.4
2024-02-29 22:17:51.312138,1709245071.312138,48.5,1800.0,49.7,1426071552,0.1,786432,42.2,12543209472,python,5277,20,0,32927744.0,19673088.0,13271040.0,0.5,R,94.7
2024-02-29 22:17:51.564233,1709245071.564233,47.1,1800.0,49.7,1426329600,0.1,786432,42.2,12543225856,python,5277,20,0,32927744.0,19673088.0,13271040.0,0.5,R,94.4
2024-02-29 22:17:51.810172,1709245071.810172,47.9,1800.0,49.7,1426386944,0.1,786432,42.2,12543242240,python,5277,20,0,32927744.0,19673088.0,13271040.0,0.5,R,89.5
2024-02-29 22:17:52.060490,1709245072.06049,46.9,1800.0,49.8,1426644992,0.1,786432,42.2,12543258624,python,5277,20,0,32927744.0,19673088.0,13271040.0,0.5,R,94.7
2024-02-29 22:17:52.297051,1709245072.297051,45.2,1800.0,49.8,1426644992,0.1,786432,42.2,12543275008,python,5277,20,0,32927744.0,19673088.0,13271040.0,0.5,R,94.7
2024-02-29 22:17:52.544003,1709245072.544003,50.0,1800.0,49.8,1426644992,0.1,786432,42.2,12543291392,python,5277,20,0,32927744.0,19673088.0,13271040.0,0.5,R,100.0
2024-02-29 22:17:52.780249,1709245072.780249,46.3,1800.0,49.8,1426579456,0.1,786432,42.2,12543307776,python,5277,20,0,32927744.0,19673088.0,13271040.0,0.5,R,94.4
2024-02-29 22:17:53.020091,1709245073.020091,44.1,1800.0,49.8,1426837504,0.1,786432,42.2,12543324160,python,5277,20,0,32927744.0,19673088.0,13271040.0,0.5,R,94.7
2024-02-29 22:17:53.266156,1709245073.266156,49.0,1800.0,49.8,1426837504,0.1,786432,42.2,12543332352,python,5277,20,0,32927744.0,19673088.0,13271040.0,0.5,R,94.7
2024-02-29 22:17:53.507748,1709245073.507748,46.9,1800.0,49.7,1424248832,0.1,786432,42.2,12543356928,python,5277,20,0,32927744.0,19673088.0,13271040.0,0.5,R,94.4
2024-02-29 22:17:53.755572,1709245073.755572,47.4,1800.0,49.7,1425022976,0.1,786432,42.2,12543365120,python,5277,20,0,32927744.0,19673088.0,13271040.0,0.5,R,100.0
2024-02-29 22:17:53.998596,1709245073.998596,45.7,1800.0,49.8,1426866176,0.1,786432,42.2,12543389696,python,5277,20,0,32927744.0,19673088.0,13271040.0,0.5,R,100.0
2024-02-29 22:17:54.252058,1709245074.252058,50.0,1800.0,49.8,1427382272,0.1,786432,42.2,12543406080,python,5277,20,0,32927744.0,19673088.0,13271040.0,0.5,R,94.7
2024-02-29 22:17:54.514224,1709245074.514224,49.0,1800.0,49.8,1427382272,0.1,786432,42.2,12543422464,python,5277,20,0,32927744.0,19673088.0,13271040.0,0.5,R,94.7
2024-02-29 22:17:54.755890,1709245074.75589,45.2,1800.0,49.8,1427640320,0.1,786432,42.2,12543438848,python,5277,20,0,32927744.0,19673088.0,13271040.0,0.5,R,100.0
2024-02-29 22:17:54.996612,1709245074.996612,46.3,1800.0,49.8,1427378176,0.1,786432,42.2,12543455232,python,5277,20,0,32927744.0,19673088.0,13271040.0,0.5,R,100.0
2024-02-29 22:17:55.237187,1709245075.237187,44.7,1800.0,49.8,1427378176,0.1,786432,42.2,12543471616,python,5277,20,0,32927744.0,19673088.0,13271040.0,0.5,R,100.0
2024-02-29 22:17:55.486774,1709245075.486774,48.0,1800.0,49.8,1427324928,0.1,786432,42.2,12543488000,python,5277,20,0,32927744.0,19673088.0,13271040.0,0.5,R,100.0
2024-02-29 22:17:55.746866,1709245075.746866,51.9,1800.0,49.7,1422733312,0.1,786432,42.2,12543504384,python,5277,20,0,32927744.0,19673088.0,13271040.0,0.5,R,89.5
2024-02-29 22:17:55.987438,1709245075.987438,48.4,1800.0,49.7,1422872576,0.1,786432,42.2,12543520768,python,5277,20,0,32927744.0,19673088.0,13271040.0,0.5,R,94.4
2024-02-29 22:17:56.227445,1709245076.227445,46.3,1800.0,49.7,1422872576,0.1,786432,42.2,12543537152,python,5277,20,0,32927744.0,19673088.0,13271040.0,0.5,R,100.0
2024-02-29 22:17:56.465399,1709245076.465399,44.7,1800.0,49.7,1422872576,0.1,786432,42.2,12543553536,python,5277,20,0,32927744.0,19673088.0,13271040.0,0.5,R,100.0
2024-02-29 22:17:56.732920,1709245076.73292,50.0,1800.0,49.7,1422667776,0.1,786432,42.2,12543569920,python,5277,20,0,32927744.0,19673088.0,13271040.0,0.5,R,95.0
2024-02-29 22:17:56.982293,1709245076.982293,46.5,1800.0,49.7,1422540800,0.1,786432,42.2,12543590400,python,5277,20,0,32927744.0,19673088.0,13271040.0,0.5,R,89.5
2024-02-29 22:17:57.221362,1709245077.221362,46.3,1800.0,49.7,1422798848,0.1,786432,42.2,12543606784,python,5277,20,0,32927744.0,19673088.0,13271040.0,0.5,R,94.7
2024-02-29 22:17:57.470811,1709245077.470811,49.5,1800.0,49.7,1422848000,0.1,786432,42.2,12543655936,python,5277,20,0,32927744.0,19673088.0,13271040.0,0.5,R,94.7
2024-02-29 22:17:57.710626,1709245077.710626,46.3,1800.0,49.7,1422794752,0.1,786432,42.2,12543672320,python,5277,20,0,32927744.0,19673088.0,13271040.0,0.5,R,89.5
2024-02-29 22:17:57.971300,1709245077.9713,57.8,1800.0,49.7,1422929920,0.1,786432,42.2,12543688704,python,5277,20,0,32927744.0,19673088.0,13271040.0,0.5,R,100.0
2024-02-29 22:17:58.230614,1709245078.230614,50.5,1800.0,49.7,1423433728,0.1,786432,42.2,12543705088,python,5277,20,0,32927744.0,19673088.0,13271040.0,0.5,R,90.0
2024-02-29 22:17:58.467189,1709245078.467189,47.8,1800.0,49.7,1423433728,0.1,786432,42.2,12543721472,python,5277,20,0,32927744.0,19673088.0,13271040.0,0.5,R,94.7
2024-02-29 22:17:58.722446,1709245078.722446,61.0,1800.0,49.8,1423343616,0.1,786432,42.2,12543729664,python,5277,20,0,32927744.0,19673088.0,13271040.0,0.5,R,100.0
2024-02-29 22:17:58.988162,1709245078.988162,53.4,1800.0,49.8,1423388672,0.1,786432,42.2,12543746048,python,5277,20,0,32927744.0,19673088.0,13271040.0,0.5,R,100.0
2024-02-29 22:17:59.250234,1709245079.250234,56.3,1800.0,49.8,1423192064,0.1,786432,42.2,12543762432,python,5277,20,0,32927744.0,19673088.0,13271040.0,0.5,R,90.0
2024-02-29 22:17:59.497984,1709245079.497984,46.9,1800.0,49.8,1423450112,0.1,786432,42.2,12543778816,python,5277,20,0,32927744.0,19673088.0,13271040.0,0.5,R,100.0
2024-02-29 22:17:59.757487,1709245079.757487,49.0,1800.0,49.8,1423450112,0.1,786432,42.2,12543795200,python,5277,20,0,32927744.0,19673088.0,13271040.0,0.5,R,100.0
2024-02-29 22:17:59.999063,1709245079.999063,49.0,1800.0,49.8,1423486976,0.1,786432,42.2,12543811584,python,5277,20,0,32927744.0,19673088.0,13271040.0,0.5,R,100.0
2024-02-29 22:18:00.243932,1709245080.243932,49.5,1800.0,49.8,1423486976,0.1,786432,42.2,12543827968,python,5277,20,0,32927744.0,19673088.0,13271040.0,0.5,R,94.7
2024-02-29 22:18:00.482633,1709245080.482633,45.7,1800.0,49.8,1423745024,0.1,786432,42.2,12543844352,python,5277,20,0,32927744.0,19673088.0,13271040.0,0.5,R,100.0
2024-02-29 22:18:00.735136,1709245080.735136,48.5,1800.0,49.8,1423745024,0.1,786432,42.2,12543860736,python,5277,20,0,32927744.0,19673088.0,13271040.0,0.5,R,100.0
2024-02-29 22:18:00.990702,1709245080.990702,48.6,1800.0,49.8,1423810560,0.1,786432,42.2,12543877120,python,5277,20,0,32927744.0,19673088.0,13271040.0,0.5,R,89.5
2024-02-29 22:18:01.229233,1709245081.229233,45.3,1800.0,49.8,1423810560,0.1,786432,42.2,12543893504,python,5277,20,0,32927744.0,19673088.0,13271040.0,0.5,R,94.7
2024-02-29 22:18:01.467516,1709245081.467516,46.7,1800.0,49.8,1424007168,0.1,786432,42.2,12543909888,python,5277,20,0,32927744.0,19673088.0,13271040.0,0.5,R,100.0
2024-02-29 22:18:01.710150,1709245081.71015,49.5,1800.0,49.8,1424265216,0.1,786432,42.2,12543926272,python,5277,20,0,32927744.0,19673088.0,13271040.0,0.5,R,89.5
2024-02-29 22:18:01.961798,1709245081.961798,46.9,1800.0,49.8,1424232448,0.1,786432,42.2,12543942656,python,5277,20,0,32927744.0,19673088.0,13271040.0,0.5,R,100.0
2024-02-29 22:18:02.206855,1709245082.206855,48.5,1800.0,49.8,1424232448,0.1,786432,42.2,12543959040,python,5277,20,0,32927744.0,19673088.0,13271040.0,0.5,R,94.4
2024-02-29 22:18:02.445490,1709245082.44549,45.3,1800.0,49.8,1424232448,0.1,786432,42.2,12543975424,python,5277,20,0,32927744.0,19673088.0,13271040.0,0.5,R,100.0
2024-02-29 22:18:02.687201,1709245082.687201,47.9,1800.0,49.7,1423769600,0.1,786432,42.2,12543983616,python,5277,20,0,32927744.0,19673088.0,13271040.0,0.5,R,100.0
2024-02-29 22:18:02.924309,1709245082.924309,45.3,1800.0,49.7,1423630336,0.1,786432,42.2,12544000000,python,5277,20,0,32927744.0,19673088.0,13271040.0,0.5,R,100.0
2024-02-29 22:18:03.175569,1709245083.175569,48.0,1800.0,49.7,1423630336,0.1,786432,42.2,12544016384,python,5277,20,0,32927744.0,19673088.0,13271040.0,0.5,R,100.0
2024-02-29 22:18:03.422301,1709245083.422301,46.9,1800.0,49.7,1423409152,0.1,786432,42.2,12544032768,python,5277,20,0,32927744.0,19673088.0,13271040.0,0.5,R,89.5
2024-02-29 22:18:03.659064,1709245083.659064,45.3,1800.0,49.7,1423372288,0.1,786432,42.2,12544057344,python,5277,20,0,32927744.0,19673088.0,13271040.0,0.5,R,89.5
2024-02-29 22:18:03.907663,1709245083.907663,47.9,1800.0,49.7,1423306752,0.1,786432,42.2,12544065536,python,5277,20,0,32927744.0,19673088.0,13271040.0,0.5,R,94.7
2024-02-29 22:18:04.164104,1709245084.164104,47.0,1800.0,49.7,1423306752,0.1,786432,42.2,12544081920,python,5277,20,0,32927744.0,19673088.0,13271040.0,0.5,R,100.0
2024-02-29 22:18:04.407577,1709245084.407577,46.8,1800.0,49.7,1423306752,0.1,786432,42.2,12544098304,python,5277,20,0,32927744.0,19673088.0,13271040.0,0.5,R,100.0
2024-02-29 22:18:04.647767,1709245084.647767,44.8,1800.0,49.7,1423306752,0.1,786432,42.2,12544114688,python,5277,20,0,32927744.0,19673088.0,13271040.0,0.5,R,100.0
2024-02-29 22:18:04.886656,1709245084.886656,47.4,1800.0,49.7,1423241216,0.1,786432,42.2,12544131072,python,5277,20,0,32927744.0,19673088.0,13271040.0,0.5,R,100.0
2024-02-29 22:18:05.143851,1709245085.143851,48.0,1800.0,49.7,1423241216,0.1,786432,42.2,12544147456,python,5277,20,0,32927744.0,19673088.0,13271040.0,0.5,R,89.5
2024-02-29 22:18:05.379840,1709245085.37984,44.0,1800.0,49.7,1423499264,0.1,786432,42.2,12544163840,python,5277,20,0,32927744.0,19673088.0,13271040.0,0.5,R,100.0
2024-02-29 22:18:05.619468,1709245085.619468,48.4,1800.0,49.7,1423499264,0.1,786432,42.2,12544180224,python,5277,20,0,32927744.0,19673088.0,13271040.0,0.5,R,94.7
2024-02-29 22:18:05.858068,1709245085.858068,45.8,1800.0,49.7,1423433728,0.1,786432,42.2,12544196608,python,5277,20,0,32927744.0,19673088.0,13271040.0,0.5,R,89.5
2024-02-29 22:18:06.105309,1709245086.105309,48.0,1800.0,49.7,1423511552,0.1,786432,42.2,12544212992,python,5277,20,0,32927744.0,19673088.0,13271040.0,0.5,R,100.0
2024-02-29 22:18:06.365705,1709245086.365705,47.5,1800.0,49.7,1423511552,0.1,786432,42.2,12544237568,python,5277,20,0,32927744.0,19673088.0,13271040.0,0.5,R,94.7
2024-02-29 22:18:06.610928,1709245086.610928,49.0,1800.0,49.7,1422667776,0.1,786432,42.2,12544253952,python,5277,20,0,32927744.0,19673088.0,13271040.0,0.5,R,94.7
2024-02-29 22:18:06.847275,1709245086.847275,45.1,1800.0,49.7,1422581760,0.1,786432,42.2,12544270336,python,5277,20,0,32927744.0,19673088.0,13271040.0,0.5,R,89.5
2024-02-29 22:18:07.087169,1709245087.087169,46.9,1800.0,49.7,1422581760,0.1,786432,42.2,12544286720,python,5277,20,0,32927744.0,19673088.0,13271040.0,0.5,R,100.0
2024-02-29 22:18:07.341211,1709245087.341211,47.5,1800.0,49.7,1422581760,0.1,786432,42.2,12544303104,python,5277,20,0,32927744.0,19673088.0,13271040.0,0.5,R,100.0
2024-02-29 22:18:07.596115,1709245087.596115,50.0,1800.0,49.7,1422839808,0.1,786432,42.2,12544319488,python,5277,20,0,32927744.0,19673088.0,13271040.0,0.5,R,94.7
2024-02-29 22:18:07.833804,1709245087.833804,44.1,1800.0,49.7,1422712832,0.1,786432,42.2,12544335872,python,5277,20,0,32927744.0,19673088.0,13271040.0,0.5,R,100.0
2024-02-29 22:18:08.074780,1709245088.07478,46.2,1800.0,49.7,1422303232,0.1,786432,42.2,12544352256,python,5277,20,0,32927744.0,19673088.0,13271040.0,0.5,R,94.4
2024-02-29 22:18:08.313811,1709245088.313811,48.4,1800.0,49.7,1422819328,0.1,786432,42.2,12544331776,python,5277,20,0,32927744.0,19673088.0,13271040.0,0.5,R,100.0
2024-02-29 22:18:08.565493,1709245088.565493,48.0,1800.0,49.7,1422766080,0.1,786432,42.2,12544348160,python,5277,20,0,32927744.0,19673088.0,13271040.0,0.5,R,100.0
2024-02-29 22:18:08.812594,1709245088.812594,46.9,1800.0,49.7,1422393344,0.1,786432,42.2,12544364544,python,5277,20,0,32927744.0,19673088.0,13271040.0,0.5,R,100.0
2024-02-29 22:18:09.059007,1709245089.059007,47.9,1800.0,49.7,1422426112,0.1,786432,42.2,12544380928,python,5277,20,0,32927744.0,19673088.0,13271040.0,0.5,R,94.7
2024-02-29 22:18:09.309819,1709245089.309819,49.0,1800.0,49.6,1422422016,0.1,786432,42.2,12544397312,python,5277,20,0,32927744.0,19673088.0,13271040.0,0.5,R,85.0
2024-02-29 22:18:09.548311,1709245089.548311,44.7,1800.0,49.7,1422475264,0.1,786432,42.2,12544413696,python,5277,20,0,32927744.0,19673088.0,13271040.0,0.5,R,94.7
2024-02-29 22:18:09.797367,1709245089.797367,48.0,1800.0,49.6,1422381056,0.1,786432,42.2,12544430080,python,5277,20,0,32927744.0,19673088.0,13271040.0,0.5,R,100.0
2024-02-29 22:18:10.040101,1709245090.040101,49.0,1800.0,49.6,1421664256,0.1,786432,42.2,12544446464,python,5277,20,0,32927744.0,19673088.0,13271040.0,0.5,R,94.7
2024-02-29 22:18:10.279755,1709245090.279755,44.7,1800.0,49.6,1422123008,0.1,786432,42.2,12544462848,python,5277,20,0,32927744.0,19673088.0,13271040.0,0.5,R,94.7
2024-02-29 22:18:10.525030,1709245090.52503,49.0,1800.0,49.6,1422123008,0.1,786432,42.2,12544479232,python,5277,20,0,32927744.0,19673088.0,13271040.0,0.5,R,89.5
2024-02-29 22:18:10.764006,1709245090.764006,44.7,1800.0,49.6,1422123008,0.1,786432,42.2,12544495616,python,5277,20,0,32927744.0,19673088.0,13271040.0,0.5,R,100.0
2024-02-29 22:18:11.010148,1709245091.010148,49.0,1800.0,49.6,1421852672,0.1,786432,42.2,12544512000,python,5277,20,0,32927744.0,19673088.0,13271040.0,0.5,R,100.0
2024-02-29 22:18:11.246203,1709245091.246203,45.2,1800.0,49.6,1421852672,0.1,786432,42.2,12544528384,python,5277,20,0,32927744.0,19673088.0,13271040.0,0.5,R,100.0
2024-02-29 22:18:11.492066,1709245091.492066,49.5,1800.0,49.6,1422110720,0.1,786432,42.2,12544536576,python,5277,20,0,32927744.0,19673088.0,13271040.0,0.5,R,89.5
2024-02-29 22:18:11.742101,1709245091.742101,46.9,1800.0,49.6,1421803520,0.1,786432,42.2,12544552960,python,5277,20,0,32927744.0,19673088.0,13271040.0,0.5,R,85.0
2024-02-29 22:18:11.983473,1709245091.983473,46.3,1800.0,49.6,1422024704,0.1,786432,42.2,12544569344,python,5277,20,0,32927744.0,19673088.0,13271040.0,0.5,R,100.0
2024-02-29 22:18:12.224761,1709245092.224761,47.4,1800.0,49.6,1422024704,0.1,786432,42.2,12544585728,python,5277,20,0,32927744.0,19673088.0,13271040.0,0.5,R,100.0
2024-02-29 22:18:12.462388,1709245092.462388,45.2,1800.0,49.6,1422282752,0.1,786432,42.2,12544602112,python,5277,20,0,32927744.0,19673088.0,13271040.0,0.5,R,100.0
2024-02-29 22:18:12.699620,1709245092.69962,45.2,1800.0,49.6,1422024704,0.1,786432,42.2,12544618496,python,5277,20,0,32927744.0,19673088.0,13271040.0,0.5,R,94.7
2024-02-29 22:18:12.956563,1709245092.956563,49.0,1800.0,49.6,1421955072,0.1,786432,42.2,12544634880,python,5277,20,0,32927744.0,19673088.0,13271040.0,0.5,R,94.7
2024-02-29 22:18:13.196481,1709245093.196481,45.8,1800.0,49.6,1422163968,0.1,786432,42.2,12544651264,python,5277,20,0,32927744.0,19673088.0,13271040.0,0.5,R,100.0
2024-02-29 22:18:13.438161,1709245093.438161,48.4,1800.0,49.6,1422213120,0.1,786432,42.2,12544667648,python,5277,20,0,32927744.0,19673088.0,13271040.0,0.5,R,100.0
2024-02-29 22:18:13.674703,1709245093.674703,44.6,1800.0,49.6,1421905920,0.1,786432,42.2,12544684032,python,5277,20,0,32927744.0,19673088.0,13271040.0,0.5,R,100.0
2024-02-29 22:18:13.935731,1709245093.935731,51.0,1800.0,49.6,1421828096,0.1,786432,42.2,12544700416,python,5277,20,0,32927744.0,19673088.0,13271040.0,0.5,R,94.7
2024-02-29 22:18:14.195030,1709245094.19503,47.6,1800.0,49.6,1421881344,0.1,786432,42.2,12544716800,python,5277,20,0,32927744.0,19673088.0,13271040.0,0.5,R,94.7
2024-02-29 22:18:14.430628,1709245094.430628,45.2,1800.0,49.6,1422139392,0.1,786432,42.2,12544733184,python,5277,20,0,32927744.0,19673088.0,13271040.0,0.5,R,100.0
2024-02-29 22:18:14.671408,1709245094.671408,46.8,1800.0,49.6,1422086144,0.1,786432,42.2,12544749568,python,5277,20,0,32927744.0,19673088.0,13271040.0,0.5,R,94.7
2024-02-29 22:18:14.907735,1709245094.907735,45.2,1800.0,49.6,1422020608,0.1,786432,42.2,12544765952,python,5277,20,0,32927744.0,19673088.0,13271040.0,0.5,R,89.5
2024-02-29 22:18:15.163077,1709245095.163077,48.0,1800.0,49.6,1422020608,0.1,786432,42.2,12544782336,python,5277,20,0,32927744.0,19673088.0,13271040.0,0.5,R,100.0
2024-02-29 22:18:15.418569,1709245095.418569,47.1,1800.0,49.6,1422020608,0.1,786432,42.2,12544798720,python,5277,20,0,32927744.0,19673088.0,13271040.0,0.5,R,94.7
2024-02-29 22:18:15.657259,1709245095.657259,45.7,1800.0,49.6,1421815808,0.1,786432,42.2,12544815104,python,5277,20,0,32927744.0,19673088.0,13271040.0,0.5,R,100.0
2024-02-29 22:18:15.897233,1709245095.897233,46.8,1800.0,49.6,1421955072,0.1,786432,42.2,12544827392,python,5277,20,0,32927744.0,19673088.0,13271040.0,0.5,R,94.4
2024-02-29 22:18:16.139723,1709245096.139723,45.8,1800.0,49.6,1421955072,0.1,786432,42.2,12544843776,python,5277,20,0,32927744.0,19673088.0,13271040.0,0.5,R,100.0
2024-02-29 22:18:16.395511,1709245096.395511,52.9,1800.0,49.6,1421955072,0.1,786432,42.2,12544860160,python,5277,20,0,32927744.0,19673088.0,13271040.0,0.5,R,94.7
2024-02-29 22:18:16.638611,1709245096.638611,46.4,1800.0,49.6,1422213120,0.1,786432,42.2,12544876544,python,5277,20,0,32927744.0,19673088.0,13271040.0,0.5,R,100.0
2024-02-29 22:18:16.874970,1709245096.87497,44.7,1800.0,49.6,1422151680,0.1,786432,42.2,12544892928,python,5277,20,0,32927744.0,19673088.0,13271040.0,0.5,R,100.0
2024-02-29 22:18:17.127199,1709245097.127199,49.0,1800.0,49.6,1422462976,0.1,786432,42.2,12544909312,python,5277,20,0,32927744.0,19673088.0,13271040.0,0.5,R,94.7
2024-02-29 22:18:17.363815,1709245097.363815,45.2,1800.0,49.6,1422409728,0.1,786432,42.2,12544925696,python,5277,20,0,32927744.0,19673088.0,13271040.0,0.5,R,100.0
2024-02-29 22:18:17.608348,1709245097.608348,49.0,1800.0,49.6,1422409728,0.1,786432,42.2,12544942080,python,5277,20,0,32927744.0,19673088.0,13271040.0,0.5,D,100.0
2024-02-29 22:18:17.847496,1709245097.847496,44.6,1800.0,49.7,1422594048,0.1,786432,42.2,12544958464,python,5277,20,0,32927744.0,19673088.0,13271040.0,0.5,R,100.0
2024-02-29 22:18:18.087959,1709245098.087959,46.3,1800.0,49.7,1422594048,0.1,786432,42.2,12544974848,python,5277,20,0,32927744.0,19673088.0,13271040.0,0.5,R,94.4
2024-02-29 22:18:18.342091,1709245098.342091,48.0,1800.0,49.7,1422594048,0.1,786432,42.2,12544991232,python,5277,20,0,32927744.0,19673088.0,13271040.0,0.5,R,94.7
2024-02-29 22:18:18.590149,1709245098.590149,47.5,1800.0,49.7,1418518528,0.1,786432,42.2,12545011712,python3,5248,20,0,22138880.0,11620352.0,5832704.0,0.3,S,0.0
2024-02-29 22:18:18.848471,1709245098.848471,27.0,1800.0,49.7,1418559488,0.1,786432,42.2,12545011712,python3,5248,20,0,22138880.0,11620352.0,5832704.0,0.3,S,0.0
2024-02-29 22:18:19.094793,1709245099.094793,22.4,1800.0,49.7,1418559488,0.1,786432,42.2,12545011712,python3,5248,20,0,22138880.0,11620352.0,5832704.0,0.3,S,0.0
2024-02-29 22:18:19.345516,1709245099.345516,27.8,1800.0,49.7,1418870784,0.1,786432,42.2,12545011712,python3,5248,20,0,22138880.0,11620352.0,5832704.0,0.3,S,0.0
2024-02-29 22:18:19.605527,1709245099.605527,29.8,1800.0,49.7,1420423168,0.1,786432,42.2,12545011712,python3,5248,20,0,22138880.0,11620352.0,5832704.0,0.3,S,0.0
2024-02-29 22:18:19.846565,1709245099.846565,19.4,1800.0,49.7,1420476416,0.1,786432,42.2,12545011712,python3,5248,20,0,22138880.0,11620352.0,5832704.0,0.3,S,0.0
2024-02-29 22:18:20.094497,1709245100.094497,23.5,1800.0,49.7,1420734464,0.1,786432,42.2,12545011712,python3,5248,20,0,22138880.0,11620352.0,5832704.0,0.3,S,0.0
2024-02-29 22:18:20.340382,1709245100.340382,24.5,1800.0,49.8,1419857920,0.1,786432,42.2,12545011712,python3,5248,20,0,22138880.0,11620352.0,5832704.0,0.3,S,0.0
2024-02-29 22:18:20.595236,1709245100.595236,32.0,1800.0,49.8,1419857920,0.1,786432,42.2,12545011712,python3,5248,20,0,22138880.0,11620352.0,5832704.0,0.3,S,0.0
2024-02-29 22:18:20.841245,1709245100.841245,23.9,1800.0,49.8,1419788288,0.1,786432,42.2,12545011712,python3,5248,20,0,22138880.0,11620352.0,5832704.0,0.3,S,0.0
2024-02-29 22:18:21.078177,1709245101.078177,24.5,1800.0,49.8,1420046336,0.1,786432,42.2,12545011712,python3,5248,20,0,22138880.0,11620352.0,5832704.0,0.3,S,0.0
2024-02-29 22:18:21.323153,1709245101.323153,25.0,1800.0,49.7,1420652544,0.1,786432,42.2,12545011712,python3,5248,20,0,22138880.0,11620352.0,5832704.0,0.3,S,0.0
2024-02-29 22:18:21.562047,1709245101.562047,29.5,1800.0,49.7,1420058624,0.1,786432,42.2,12545011712,python3,5248,20,0,22138880.0,11620352.0,5832704.0,0.3,S,0.0
2024-02-29 22:18:21.811911,1709245101.811911,23.5,1800.0,49.8,1420935168,0.1,786432,42.2,12545011712,python3,5248,20,0,22138880.0,11620352.0,5832704.0,0.3,S,0.0
2024-02-29 22:18:22.047614,1709245102.047614,21.5,1800.0,49.8,1421193216,0.1,786432,42.2,12545011712,python3,5248,20,0,22138880.0,11620352.0,5832704.0,0.3,S,0.0
2024-02-29 22:18:22.297543,1709245102.297543,30.6,1800.0,49.6,1414770688,0.1,786432,42.2,12545011712,python3,5248,20,0,22138880.0,11620352.0,5832704.0,0.3,S,0.0
2024-02-29 22:18:22.546106,1709245102.546106,21.6,1800.0,49.6,1415204864,0.1,786432,42.2,12545011712,python3,5248,20,0,22138880.0,11620352.0,5832704.0,0.3,S,0.0
2024-02-29 22:18:22.787838,1709245102.787838,24.0,1800.0,49.6,1415720960,0.1,786432,42.2,12545011712,python3,5248,20,0,22138880.0,11620352.0,5832704.0,0.3,S,0.0
